{"cameraMode":{"drawMode":0,"name":"Shaded","section":"Shading Mode"},"sceneLighting":false,"audioPlay":false,"sceneViewState":{"showFog":true,"showMaterialUpdate":false,"showSkybox":false,"showFlares":true,"showImageEffects":true,"showParticleSystems":true},"in2DMode":false,"pivot":{"x":-14.958756446838379,"y":3.6433115005493166,"z":7.594509601593018},"rotation":{"x":0.4208085536956787,"y":0.1842498928308487,"z":-0.08769005537033081,"w":0.8839412331581116},"size":0.5956314206123352,"orthographic":false}