{"cameraMode":{"drawMode":0,"name":"Shaded","section":"Shading Mode"},"sceneLighting":false,"audioPlay":false,"sceneViewState":{"showFog":true,"showMaterialUpdate":false,"showSkybox":false,"showFlares":true,"showImageEffects":true,"showParticleSystems":true},"in2DMode":false,"pivot":{"x":1.2899999618530274,"y":1.9000000953674317,"z":14.449999809265137},"rotation":{"x":-0.07065170258283615,"y":-0.7985732555389404,"z":0.09518294036388397,"w":-0.5902441143989563},"size":1.1661906242370606,"orthographic":false}