{"cameraMode":{"drawMode":0,"name":"Shaded","section":"Shading Mode"},"sceneLighting":true,"audioPlay":false,"sceneViewState":{"showFog":true,"showMaterialUpdate":false,"showSkybox":true,"showFlares":true,"showImageEffects":true,"showParticleSystems":true},"in2DMode":false,"pivot":{"x":3.263517379760742,"y":-27.28309440612793,"z":50.37532424926758},"rotation":{"x":-0.38713428378105166,"y":-0.03510243818163872,"z":0.014764107763767243,"w":-0.9212842583656311},"size":22.03818702697754,"orthographic":false}