{"cameraMode":{"drawMode":0,"name":"Shaded","section":"Shading Mode"},"sceneLighting":false,"audioPlay":false,"sceneViewState":{"showFog":true,"showMaterialUpdate":false,"showSkybox":false,"showFlares":true,"showImageEffects":true,"showParticleSystems":true},"in2DMode":false,"pivot":{"x":-14.568036079406739,"y":2.987151622772217,"z":8.079788208007813},"rotation":{"x":-0.17662253975868226,"y":0.6909317374229431,"z":-0.18052677810192109,"w":-0.6774477958679199},"size":1.0677077770233155,"orthographic":false}