{"cameraMode":{"drawMode":0,"name":"Shaded","section":"Shading Mode"},"sceneLighting":true,"audioPlay":false,"sceneViewState":{"showFog":true,"showMaterialUpdate":false,"showSkybox":true,"showFlares":true,"showImageEffects":true,"showParticleSystems":true},"in2DMode":false,"pivot":{"x":-16.27301788330078,"y":-89.28276824951172,"z":-29.930635452270509},"rotation":{"x":-0.1380852609872818,"y":0.8155717849731445,"z":-0.5180395245552063,"w":-0.21798376739025117},"size":76.36051940917969,"orthographic":false}