{"cameraMode":{"drawMode":0,"name":"Shaded","section":"Shading Mode"},"sceneLighting":true,"audioPlay":false,"sceneViewState":{"showFog":true,"showMaterialUpdate":false,"showSkybox":true,"showFlares":true,"showImageEffects":true,"showParticleSystems":true},"in2DMode":false,"pivot":{"x":-45.12969970703125,"y":-7.009764671325684,"z":23.21629524230957},"rotation":{"x":0.16277830302715302,"y":-0.4422360360622406,"z":0.08205467462539673,"w":0.8782209157943726},"size":22.03818702697754,"orthographic":false}