{"cameraMode":{"drawMode":0,"name":"Shaded","section":"Shading Mode"},"sceneLighting":true,"audioPlay":false,"sceneViewState":{"showFog":true,"showMaterialUpdate":false,"showSkybox":true,"showFlares":true,"showImageEffects":true,"showParticleSystems":true},"in2DMode":false,"pivot":{"x":-34.49755096435547,"y":-14.228349685668946,"z":-1.4087390899658204},"rotation":{"x":-0.17662253975868226,"y":0.6909317374229431,"z":-0.18052677810192109,"w":-0.6774477958679199},"size":25.177873611450197,"orthographic":false}