{"cameraMode":{"drawMode":0,"name":"Shaded","section":"Shading Mode"},"sceneLighting":true,"audioPlay":false,"sceneViewState":{"showFog":true,"showMaterialUpdate":false,"showSkybox":true,"showFlares":true,"showImageEffects":true,"showParticleSystems":true},"in2DMode":false,"pivot":{"x":1.9416359663009644,"y":1.2357667684555054,"z":13.711380958557129},"rotation":{"x":-0.22225306928157807,"y":-0.4692365229129791,"z":0.12298315763473511,"w":-0.845820963382721},"size":5.927507400512695,"orthographic":false}