{"cameraMode":{"drawMode":0,"name":"Shaded","section":"Shading Mode"},"sceneLighting":true,"audioPlay":false,"sceneViewState":{"showFog":true,"showMaterialUpdate":false,"showSkybox":true,"showFlares":true,"showImageEffects":true,"showParticleSystems":true},"in2DMode":false,"pivot":{"x":0.46757781505584719,"y":-0.6400395631790161,"z":-17.15880012512207},"rotation":{"x":0.021197594702243806,"y":0.9475896954536438,"z":-0.3122454285621643,"w":0.06434903293848038},"size":10.0,"orthographic":false}