{"cameraMode":{"drawMode":0,"name":"Shaded","section":"Shading Mode"},"sceneLighting":true,"audioPlay":false,"sceneViewState":{"showFog":true,"showMaterialUpdate":false,"showSkybox":true,"showFlares":true,"showImageEffects":true,"showParticleSystems":true},"in2DMode":false,"pivot":{"x":-33.24774932861328,"y":11.020018577575684,"z":-23.051841735839845},"rotation":{"x":-0.09288290143013,"y":-0.3867154121398926,"z":0.03876420482993126,"w":-0.916792631149292},"size":5.06619119644165,"orthographic":false}